username,timestamp_text,comment_text,cleaned_tokens
@afzalhossen8454,Unknown,Subhan allah,"['subhan', 'allah']"
@AnimalPrimeHub,Unknown,"15:05 My heart absolutely broke for that young mother and her cub. You could feel her desperationâ€”torn between the instinct to protect her baby and the need to feed them both. The moment the cub was forced into the rapids, I actually gasped. It felt so real, so raw. Nature doesnâ€™t hand out kindness, and yet somehow, that tiny moment of triumph when the cub finally got a taste of salmon gave me hope. These arenâ€™t just animals survivingâ€”theyâ€™re families struggling, adapting, and learning. Has anyone else watched this and thought about how similar it is to the struggles of new human mothers?","['heart', 'absolutely', 'broke', 'young', 'mother', 'cub', 'could', 'feel', 'desperationtorn', 'instinct', 'protect', 'baby', 'need', 'feed', 'moment', 'cub', 'forced', 'rapid', 'actually', 'gasped', 'felt', 'real', 'raw', 'nature', 'doesnt', 'hand', 'kindness', 'yet', 'somehow', 'tiny', 'moment', 'triumph', 'cub', 'finally', 'got', 'taste', 'salmon', 'gave', 'hope', 'arent', 'animal', 'survivingtheyre', 'family', 'struggling', 'adapting', 'learning', 'anyone', 'else', 'watched', 'thought', 'similar', 'struggle', 'new', 'human', 'mother']"
@PreemKaSagar,Unknown,Hm ghaar maan thay blaak bicho nay kata hmin to wo khud hi mr k olta ho ghiya,"['ghaar', 'maan', 'thay', 'blaak', 'bicho', 'nay', 'kata', 'hmin', 'khud', 'olta', 'ghiya']"
@Hasnainraza-fm7jp,Unknown,The two truths ğŸ‰sound like sleep and good luck ğŸ¥‘ food pay,"['two', 'truth', 'sound', 'like', 'sleep', 'good', 'luck', 'food', 'pay']"
@Nimazz_z,Unknown,ğŸ˜Šâ¤,[]
@allen_honor9482,Unknown,https://youtu.be/2AHLoO-U4sU?si=bVu_ZVOw8KW1Avbm,['httpsyoutubeahlooususibvuzvowkwavbm']
@ambizzzworld19,Unknown,Wow ğŸ‘Œ,['wow']
@DowlenQuartuccio,Unknown,"Journey into the untouched corners of earth's beauty with this stunning 4K UHD video from BBC Earth. Witness the secret areas where nature thrives, undisturbed by human hands. Prepare to be amazed and inspired by the wonders of our planet.","['journey', 'untouched', 'corner', 'earth', 'beauty', 'stunning', 'uhd', 'video', 'bbc', 'earth', 'witness', 'secret', 'area', 'nature', 'thrives', 'undisturbed', 'human', 'hand', 'prepare', 'amazed', 'inspired', 'wonder', 'planet']"
@IleenRowzee,Unknown,Get ready to be amazed by the hidden and untouched beauty of Earth in stunning 4K UHD quality. BBC Earth takes you on a journey to secret areas where nature flourishes undisturbed. Prepare to be captivated by the wonders of our planet like never before.,"['get', 'ready', 'amazed', 'hidden', 'untouched', 'beauty', 'earth', 'stunning', 'uhd', 'quality', 'bbc', 'earth', 'take', 'journey', 'secret', 'area', 'nature', 'flourish', 'undisturbed', 'prepare', 'captivated', 'wonder', 'planet', 'like', 'never']"
@NassefLevi,Unknown,Discover the hidden gems of our planet in stunning 4K resolution with BBC Earth. Journey to untouched corners of Earth where nature reigns supreme in all its glory. Prepare to be amazed and inspired by the beauty that surrounds us.,"['discover', 'hidden', 'gem', 'planet', 'stunning', 'resolution', 'bbc', 'earth', 'journey', 'untouched', 'corner', 'earth', 'nature', 'reign', 'supreme', 'glory', 'prepare', 'amazed', 'inspired', 'beauty', 'surround']"
@That-animal25,Unknown,amazing moments about animals in the world. thank you God for creating beautiful creaturesÂ toÂ liveÂ ğŸ¤,"['amazing', 'moment', 'animal', 'world', 'thank', 'god', 'creating', 'beautiful', 'creature', 'live']"
@ProfessorSm-o8n,Unknown,Learning and entertainment â¤,"['learning', 'entertainment']"
@AinCrowner,Unknown,Incredible footage capturing Earth's hidden gems in stunning 4K quality. Witness untouched nature at its finest with BBC Earth's exploration of secret areas. Truly a visual masterpiece!,"['incredible', 'footage', 'capturing', 'earth', 'hidden', 'gem', 'stunning', 'quality', 'witness', 'untouched', 'nature', 'finest', 'bbc', 'earth', 'exploration', 'secret', 'area', 'truly', 'visual', 'masterpiece']"
@heisserbrayley,Unknown,Intriguing footage showcasing the untouched beauty of Earth's hidden gems. A mesmerizing visual journey that highlights the stunning landscapes and wildlife in their most natural state. A must-watch for nature lovers everywhere!,"['intriguing', 'footage', 'showcasing', 'untouched', 'beauty', 'earth', 'hidden', 'gem', 'mesmerizing', 'visual', 'journey', 'highlight', 'stunning', 'landscape', 'wildlife', 'natural', 'state', 'mustwatch', 'nature', 'lover', 'everywhere']"
@sadirislam1847,Unknown,I am current BangladeshğŸ‘€,"['current', 'bangladesh']"
@khans5560,Unknown,after this 12:27 every character were paid actors.,"['every', 'character', 'paid', 'actor']"
@khans5560,Unknown,"12:04 hahaha, you are not touching your favourite food","['hahaha', 'touching', 'favourite', 'food']"
@Majeedkhan-k6j,Unknown,According to darvin Survival of fittest â¤â¤,"['according', 'darvin', 'survival', 'fittest']"
@RehanKhanSiyal-u6f,Unknown,Honestly speaking these are very beautiful,"['honestly', 'speaking', 'beautiful']"
@RehanKhanSiyal-u6f,Unknown,Honestly speaking these are very beautiful,"['honestly', 'speaking', 'beautiful']"
@GrenskyDotty,Unknown,Step into the untouched beauty of Earth's secret areas with this mesmerizing 4K UHD video from BBC Earth. Prepare to be awestruck by the breathtaking landscapes and untouched nature that awaits you. Truly a feast for the eyes and a reminder of the beauty of our planet.,"['step', 'untouched', 'beauty', 'earth', 'secret', 'area', 'mesmerizing', 'uhd', 'video', 'bbc', 'earth', 'prepare', 'awestruck', 'breathtaking', 'landscape', 'untouched', 'nature', 'awaits', 'truly', 'feast', 'eye', 'reminder', 'beauty', 'planet']"
@VictorineLavoie,Unknown,Mother bear learns tough love in nature's grocery store aisle.,"['mother', 'bear', 'learns', 'tough', 'love', 'nature', 'grocery', 'store', 'aisle']"
@AinCrowner,Unknown,Ancient aliens: nature edition. Who's really running the show?,"['ancient', 'alien', 'nature', 'edition', 'who', 'really', 'running', 'show']"
@ANIMALWORLDCHANNEL12K,Unknown,love aniamls ğŸ¥°ğŸ¥°ğŸ¥°,"['love', 'aniamls']"
@Fahimudd,Unknown,Beautiful picture,"['beautiful', 'picture']"
@animal_nature4k,Unknown,A mother bear guiding her cub is more than just touching â€” itâ€™s a powerful symbol of natureâ€™s legacy. This documentary not only reveals the beauty of the wild but also reminds us why protecting it matters. Thank you to the filmmakers for capturing such raw emotion.ğŸ¤©,"['mother', 'bear', 'guiding', 'cub', 'touching', 'powerful', 'symbol', 'nature', 'legacy', 'documentary', 'reveals', 'beauty', 'wild', 'also', 'reminds', 'protecting', 'matter', 'thank', 'filmmaker', 'capturing', 'raw', 'emotion']"
@HopsonMontonez,Unknown,Uncover hidden wonders in stunning 4K! See Mother Nature's secret spots untouched by humans. Embark now!,"['uncover', 'hidden', 'wonder', 'stunning', 'see', 'mother', 'nature', 'secret', 'spot', 'untouched', 'human', 'embark']"
@rodriguezdiazpeachy,Unknown,"Dive into the wild world of hidden treasures with a feisty, fish-seeking family adventure!","['dive', 'wild', 'world', 'hidden', 'treasure', 'feisty', 'fishseeking', 'family', 'adventure']"
@CaratScope-o2s,Unknown,Nature is a beautiful thing that soothes us!,"['nature', 'beautiful', 'thing', 'soothes']"
@RelatosdelCorazÃ³n-e5n,Unknown,Absolutely stunning footage! The sheer scale and beauty of these untouched areas is breathtaking. The BBC Earth team has once again done an incredible job showcasing the wonder and fragility of our planet. This documentary really highlights the importance of conservation and protecting these precious ecosystems. Thank you for sharing this incredible journey!,"['absolutely', 'stunning', 'footage', 'sheer', 'scale', 'beauty', 'untouched', 'area', 'breathtaking', 'bbc', 'earth', 'team', 'done', 'incredible', 'job', 'showcasing', 'wonder', 'fragility', 'planet', 'documentary', 'really', 'highlight', 'importance', 'conservation', 'protecting', 'precious', 'ecosystem', 'thank', 'sharing', 'incredible', 'journey']"
@Ikramullah30,Unknown,â¤,[]
@LoforteMuwwakkil,Unknown,Uncover nature's hidden gems with sneaky antelopes in BBC Earth's 4K UHD adventure. Camouflage game strong!,"['uncover', 'nature', 'hidden', 'gem', 'sneaky', 'antelope', 'bbc', 'earth', 'uhd', 'adventure', 'camouflage', 'game', 'strong']"
@yh85x,Unknown,"â¤ï¸â¤ï¸â¤ï¸Come and plant trees. Save the environment and life. Plant fruit trees, forest trees, medicinal trees, flower trees. Coconut trees, betel trees, palm trees, banyan trees, jam trees, olive trees, jamrul trees, palm trees, neem trees, kadbel trees, jackfruit trees, date trees, etc. Banana trees, pomegranate trees, orange trees, lemon trees, grapefruit trees, malta trees, dragon fruit trees, flower trees, vegetable trees, etc. Wherever I find free space, I plant trees. I keep the surroundings of our house clean. I throw garbage in the designated place. I do not waste water. I take care of health. I take care of children.  I love my country. Our country is a land of rivers. Rivers are our mother. There is no business in preventing river and sea pollution. Do not throw plastic and garbage in rivers, ponds, canals, and seas. Be careful not to encroach on rivers. I cultivate fish. I release fish fry. Want a conducive environment for fish? Dredging is very important to maintain the depth of rivers, canals, and seas. If farmers increase agricultural facilities, cultivation will increase. Farmers will survive. Our Facebook page and group is World Tree Lovers Association. World Tree Lovers Association. Do you want your opinions on trees and the environment? Take care of trees. Stop cutting trees. Tell us what trees you have in the comments. Let everyone come forward to combat the adverse effects of climate change in the world. Like and share comments. The aim is to encourage everyone to plant trees. Thank you â¤ï¸â¤ï¸","['come', 'plant', 'tree', 'save', 'environment', 'life', 'plant', 'fruit', 'tree', 'forest', 'tree', 'medicinal', 'tree', 'flower', 'tree', 'coconut', 'tree', 'betel', 'tree', 'palm', 'tree', 'banyan', 'tree', 'jam', 'tree', 'olive', 'tree', 'jamrul', 'tree', 'palm', 'tree', 'neem', 'tree', 'kadbel', 'tree', 'jackfruit', 'tree', 'date', 'tree', 'etc', 'banana', 'tree', 'pomegranate', 'tree', 'orange', 'tree', 'lemon', 'tree', 'grapefruit', 'tree', 'malta', 'tree', 'dragon', 'fruit', 'tree', 'flower', 'tree', 'vegetable', 'tree', 'etc', 'wherever', 'find', 'free', 'space', 'plant', 'tree', 'keep', 'surroundings', 'house', 'clean', 'throw', 'garbage', 'designated', 'place', 'waste', 'water', 'take', 'care', 'health', 'take', 'care', 'child', 'love', 'country', 'country', 'land', 'river', 'river', 'mother', 'business', 'preventing', 'river', 'sea', 'pollution', 'throw', 'plastic', 'garbage', 'river', 'pond', 'canal', 'sea', 'careful', 'encroach', 'river', 'cultivate', 'fish', 'release', 'fish', 'fry', 'want', 'conducive', 'environment', 'fish', 'dredging', 'important', 'maintain', 'depth', 'river', 'canal', 'sea', 'farmer', 'increase', 'agricultural', 'facility', 'cultivation', 'increase', 'farmer', 'survive', 'facebook', 'page', 'group', 'world', 'tree', 'lover', 'association', 'world', 'tree', 'lover', 'association', 'want', 'opinion', 'tree', 'environment', 'take', 'care', 'tree', 'stop', 'cutting', 'tree', 'tell', 'tree', 'comment', 'let', 'everyone', 'come', 'forward', 'combat', 'adverse', 'effect', 'climate', 'change', 'world', 'like', 'share', 'comment', 'aim', 'encourage', 'everyone', 'plant', 'tree', 'thank']"
@DowlenQuartuccio,Unknown,Motherhood: a balancing act between protection and survival. Witness nature's fierce love in action!,"['motherhood', 'balancing', 'act', 'protection', 'survival', 'witness', 'nature', 'fierce', 'love', 'action']"
@posted-11minutes-ago,Unknown,"0:15 Momma Bear knows right where the camera is, to show off her nails ğŸ’… ğŸ’€","['momma', 'bear', 'know', 'right', 'camera', 'show', 'nail']"
@FreddieCartier,Unknown,Uncover unruly animals and remote landscapes in 4K - nature at its finest!,"['uncover', 'unruly', 'animal', 'remote', 'landscape', 'nature', 'finest']"
@TheBest-vh7pt,Unknown,Nice sharing ğŸ˜¢,"['nice', 'sharing']"
@moviesvillaofficial8749,Unknown,Fortune favours the bold.,"['fortune', 'favour', 'bold']"
@animalsshow009,Unknown,Im New coming,"['new', 'coming']"
@animalsshow009,Unknown,Good at take a video ğŸ‰â¤,"['good', 'take', 'video']"
@Remedios_Ancestrales,Unknown,Que naturalidad en la narraciÃ³n y en el desarrollo del documental. MagnÃ­fico,"['que', 'naturalidad', 'narracin', 'desarrollo', 'del', 'documental', 'magnfico']"
@HeartTouch-1M,Unknown,Environment â¤,['environment']
@BCCEarth,Unknown,Itâ€™s heartbreaking to see our planetâ€™s forests and wildlife struggling more each year in 2025â€™s harsher climate. Weâ€™ve got to act fast to protect these wonders before the worldâ€™s environmental decline steals them away for good.,"['heartbreaking', 'see', 'planet', 'forest', 'wildlife', 'struggling', 'year', 'harsher', 'climate', 'weve', 'got', 'act', 'fast', 'protect', 'wonder', 'world', 'environmental', 'decline', 'steal', 'away', 'good']"
@SpiderLegend-hl6mn,Unknown,nice video,"['nice', 'video']"
@dawarbhat6537,Unknown,"The sight of seeing how flamingos struggle for the survival and finally succeding is really inspiring, nature really teaches us many things","['sight', 'seeing', 'flamingo', 'struggle', 'survival', 'finally', 'succeding', 'really', 'inspiring', 'nature', 'really', 'teach', 'many', 'thing']"
@Celestial_0033,Unknown,"The World itself is ""Suffering"".","['world', 'suffering']"
@RajivRanjanok,Unknown,Please Hindi dubbed,"['please', 'hindi', 'dubbed']"
@Patrick-jo9eb,Unknown,Godâ€™s creations ğŸ™ğŸ½,"['god', 'creation']"
@VipinSonakar,Unknown,Camera men never die ğŸ˜‚ğŸ˜…ğŸ˜‚ğŸ˜…,"['camera', 'men', 'never', 'die']"
@MundoSalvaje.360,Unknown,Â¡Impresionante e inspirador! Explora las Zonas Secretas del Planeta nos lleva a lugares donde la naturaleza aÃºn permanece intacta. Una obra maestra en 4K que celebra la pureza de lo salvaje. ğŸŒ¿ğŸ”ğŸ“½,"['impresionante', 'inspirador', 'explora', 'la', 'zona', 'secretas', 'del', 'planeta', 'no', 'lleva', 'lugares', 'donde', 'naturaleza', 'permanece', 'intacta', 'una', 'obra', 'maestra', 'que', 'celebra', 'pureza', 'salvaje']"
@anjumadilrubalima,Unknown,i am a PCB student ....and like seriously !!!!!! i just have completed the chapter ECOLOGY and then i am watching this,"['pcb', 'student', 'like', 'seriously', 'completed', 'chapter', 'ecology', 'watching']"
@anjumadilrubalima,Unknown,as  if the deer were watching the funeral of the predated one,"['deer', 'watching', 'funeral', 'predated', 'one']"
@DouglisLuttrell-b1j,Unknown,woow,['woow']
@Doitknow906,Unknown,How camera is shoot underwater when bear walk its fake torally ridiculous,"['camera', 'shoot', 'underwater', 'bear', 'walk', 'fake', 'torally', 'ridiculous']"
@THEWHISPEROFGOD7979,Unknown,I love watching videos about wild animals.,"['love', 'watching', 'video', 'wild', 'animal']"
@SakilaKhatun-d6n,Unknown,"à¦¤à§‹à¦®à¦°à¦¾à¦“ à¦¤à§‹ à¦†à¦®à¦¾à¦•à§‡ à¦…à¦¨à§‡à¦• à¦§à§‹à¦à¦•à¦¾ à¦¦à¦¿à¦¯à¦¼à§‡à¦›à§‹, à¦†à¦®à¦¾à¦•à§‡ à¦†à¦° 3 à¦¬à¦›à¦° à¦¬à¦¾à¦à¦šà¦¿à¦¯à¦¼à§‡ à¦°à¦¾à¦–à§‹,

à¦¤à¦¾à¦¹à¦²à§‡ à¦…à¦¨à§‡à¦• à¦­à¦¾à¦²à§‹ à¦¹à¦¤à§‹,
à¦†à¦®à¦¾à¦° à¦­à¦¾à¦—à§à¦¨à¦¿,à¦­à¦¾à¦—à§à¦¨à§‡à¦•à§‡ à¦¸à§à¦•à§à¦²à§‡ à¦­à¦°à§à¦¤à¦¿ à¦•à¦°à¦¤à¦¾à¦®",[]
@FunWithDev2,Unknown,ğŸ˜ğŸ¥°ğŸ˜‡,[]
@FunWithDev2,Unknown,wow,['wow']
@funandfightingclub9552,Unknown,So naice vido,"['naice', 'vido']"
@lavleshmishra5165,Unknown,Mother nature cares for all living creatures.ğŸ˜Š,"['mother', 'nature', 'care', 'living', 'creature']"
@Wildlife60s,Unknown,This video is pure magic! The hidden corners of our planet that remain untouched by human hands are awe-inspiring. Iâ€™m amazed by how well the documentary highlights the beauty and mystery of these secret places.,"['video', 'pure', 'magic', 'hidden', 'corner', 'planet', 'remain', 'untouched', 'human', 'hand', 'aweinspiring', 'amazed', 'well', 'documentary', 'highlight', 'beauty', 'mystery', 'secret', 'place']"
@FunnyMantis1,Unknown,If yt people there then it's not untouched for sure,"['people', 'untouched', 'sure']"
@mr.ganeshb,Unknown,0:20,[]
@hheebechtfnd,Unknown,I love this nature ğŸ€ğŸŒ¹ğŸ©µğŸ’œğŸ’šğŸ’–ğŸŠğŸ˜˜ğŸ¥°,"['love', 'nature']"
@LifeOfWildAnimals1,Unknown,Moments like these prove that we are Just guests on this planet!,"['moment', 'like', 'prove', 'guest', 'planet']"
@TataDhot,Unknown,This is so calming yet wild at the same time! I recently posted some amazing animal battlesâ€”nature is just fascinating,"['calming', 'yet', 'wild', 'time', 'recently', 'posted', 'amazing', 'animal', 'battlesnature', 'fascinating']"
@RaziGondal-j9s,Unknown,1:45 ğŸ˜®,[]
@robinrobert891,Unknown,THE MOMENT IMPALA ESCAPEDğŸ’›,"['moment', 'impala', 'escaped']"
@nba-niche,Unknown,"Embark on an unforgettable journey to the hidden corners of the Earth where nature thrives untouched by human hands. Discover the secret areas that remain pure, pristine, and full of wonder. This is a rare opportunity to witness the raw beauty of our planet like never before. Donâ€™t miss out on the ultimate adventure into natureâ€™s untouched realms!","['embark', 'unforgettable', 'journey', 'hidden', 'corner', 'earth', 'nature', 'thrives', 'untouched', 'human', 'hand', 'discover', 'secret', 'area', 'remain', 'pure', 'pristine', 'full', 'wonder', 'rare', 'opportunity', 'witness', 'raw', 'beauty', 'planet', 'like', 'never', 'dont', 'miss', 'ultimate', 'adventure', 'nature', 'untouched', 'realm']"
@GrandSage70,Unknown,Wow! The videos on BBc Earth are absolutely mesmerizing! The breathtaking moments of wildlife and nature are truly captivating. I will definitely follow this channel regularly. Wishing BBc Earth continuous growth and success! May you always have great health and endless joy!,"['wow', 'video', 'bbc', 'earth', 'absolutely', 'mesmerizing', 'breathtaking', 'moment', 'wildlife', 'nature', 'truly', 'captivating', 'definitely', 'follow', 'channel', 'regularly', 'wishing', 'bbc', 'earth', 'continuous', 'growth', 'success', 'may', 'always', 'great', 'health', 'endless', 'joy']"
@Web6dayAnimals,Unknown,my son interested this videoğŸ˜ğŸ˜ğŸ˜,"['son', 'interested', 'video']"
@libertÃ©-Rwa,Unknown,The hyena bcm the savior unwantedlyâ¤ğŸ˜‚ğŸ˜‚. Thank the lord,"['hyena', 'bcm', 'savior', 'unwantedly', 'thank', 'lord']"
@EelFrogFishingTV,Unknown,"I really like this video [9:26], thank you!""","['really', 'like', 'video', 'thank']"
@Ø¹Ø§Ø¯Ù„Ù…Ø­Ù…Ø¯Ø¹Ù„ÙŠØ§Ù„Ù…ØµØ¨Ø§Ø­ÙŠ,Unknown,Ù„Ø§ Ø§Ù„Ù‡ Ø§Ù„Ø§Ø§Ù„Ù„Ù‡,[]
@storyking-d9u,Unknown,Very goodâ¤â¤â¤,['good']
@WondersLifeonEarth,Unknown,Wildlife of animal on earth.,"['wildlife', 'animal', 'earth']"
@saleemkhan-ok3ll,Unknown,Upload video in Hindi..........plz......,"['upload', 'video', 'hindiplz']"
@WILD360_,Unknown,"Mouth to Mouth ğŸ˜µâ€ğŸ’«
Protect Wildlife and Nature ğŸŒ±","['mouth', 'mouth', 'protect', 'wildlife', 'nature']"
@GrandSage70,Unknown,"What an amazing and fascinating video! The beauty of wildlife never ceases to amaze me, and BBC Earth captures it so brilliantly. I will definitely follow this channel regularly to enjoy more incredible content. Wishing BBC Earth continued growth and success! Stay healthy and full of joy!","['amazing', 'fascinating', 'video', 'beauty', 'wildlife', 'never', 'cease', 'amaze', 'bbc', 'earth', 'capture', 'brilliantly', 'definitely', 'follow', 'channel', 'regularly', 'enjoy', 'incredible', 'content', 'wishing', 'bbc', 'earth', 'continued', 'growth', 'success', 'stay', 'healthy', 'full', 'joy']"
@muhammadsohail8658,Unknown,"ğŸŒ¹  ğŸ’š ğŸ’– Ù…Ø§Ø´Ø§Ø¡Ø§Ù„Ù„Û ğŸ’•  Ø³Ø¨Ø­Ø§Ù† Ø§Ù„Ù„Û  ğŸ’• Ø§Ù„Ø­Ù…Ø¯ Ù„Ù„Û  ğŸ’• Ø§Ù„Ù„Û Ø§Ú©Ø¨Ø±ğŸ’•  Ø¬Ø²Ø§Ú© Ø§Ù„Ù„Û ğŸŒ¹  ğŸŒ¹Ø§ÙÙ„Ø³Ù‘ÙÙ„ÙØ§Ù…Ù Ø¹ÙÙ„ÙÛŒÙ’Ú©ÙÙ… ÙˆÙØ±ÙØ­Ù’Ù…ÙØ©Ù Ø§Ù„Ù„Ù‡Ù ÙˆÙØ¨ÙØ±ÙÙƒÙØ§ØªÙÙ‡â€Œ ğŸŒ¹  ğŸŒ¹  ïº‘Ùïº´Ù’Ù€Ù€Ù€Ù€Ù€Ù€Ù€Ù€Ù€Ù€Ù€Ù€Ù€Ù€Ù€Ù€ï»¢Ù ïºï·²Ùïºï»Ÿïº®ÙÙ‘ïº£Ù’ï»¤Ùï»¦Ù Ø§  ğŸ’–   Ø§ÙÙ„Ù„Ù‘Ù°Ú¾ÙÙ…ÙÙ‘ ØµÙÙ„ÙÙ‘ Ø¹ÙÙ„Ù°ÛŒ Ù…ÙØ­ÙÙ…ÙÙ‘Ø¯Ù ÙˆÙÙ‘ Ø¹ÙÙ„Ù°ÛŒÙ“ Ø§Ù°Ù„ ÙÙ…ÙØ­ÙÙ…ÙÙ‘Ø¯Ù Ú©ÙÙ…ÙØ§ ØµÙÙ„ÙÙ‘ÛŒÙ’ØªÙ Ø¹ÙÙ„Ù°ÛŒ Ø§ÙØ¨Ù’Ø±ÙØ§Ú¾ÙÛŒÙ’Ù…Ù ÙˆÙØ¹ÙÙ„Ù°ÛŒÙ“ Ø§Ù°Ù„Ù Ø§ÙØ¨Ù’Ø±ÙØ§Ú¾ÙÛŒÙ’Ù…Ù Ø§ÙÙ†ÙÙ‘Ú©Ù Ø­ÙÙ…ÙÛŒÙ’Ø¯ÙŒÙ…ÙÙ‘Ø¬ÙÛŒØ¯'' ğŸ’– ğŸ’š
        Ø§ÙÙ„Ù„Ù‘Ù°Ú¾ÙÙ…ÙÙ‘ Ø¨ÙØ§Ø±ÙÚ©Ù’ Ø¹ÙÙ„Ù°ÛŒ Ù…ÙØ­ÙÙ…ÙÙ‘Ø¯Ù ÙˆÙÙ‘ Ø¹ÙÙ„Ù°ÛŒÙ“ Ø§Ù°Ù„ ÙÙ…ÙØ­ÙÙ…ÙÙ‘Ø¯Ù Ú©ÙÙ…ÙØ§ Ø¨ÙØ§Ø±ÙÚ©Ù’ØªÙ Ø¹ÙÙ„Ù°ÛŒ Ø§ÙØ¨Ù’Ø±ÙØ§Ú¾ÙÛŒÙ’Ù…Ù ÙˆÙØ¹ÙÙ„Ù°ÛŒÙ“ Ø§Ù°Ù„Ù Ø§ÙØ¨Ù’Ø±ÙØ§Ú¾ÙÛŒÙ’Ù…Ù Ø§ÙÙ†ÙÙ‘Ú©Ù Ø­ÙÙ…ÙÛŒÙ’Ø¯â€™â€˜ Ù…ÙÙ‘Ø¬ÙÛŒØ¯â€™â€˜..Ø¢Ù…ÛŒÙ† Ø«Ù… Ø¢Ù…ÛŒğŸ’–ğŸ’š",[]
@SaraThong-l3m,Unknown,"Why do you bless Allah while watching a documentary ?
Allah did nothind to this Video.","['bless', 'allah', 'watching', 'documentary', 'allah', 'nothind', 'video']"
@Localblogger77,Unknown,AI generated video,"['generated', 'video']"
@NatureHeartTales,Unknown,good news,"['good', 'news']"
@LaCheleWallace,Unknown,This is some incredible footage. Nature is bomb no matter the location. The impala escaped smoothly at 9:28.,"['incredible', 'footage', 'nature', 'bomb', 'matter', 'location', 'impala', 'escaped', 'smoothly']"
@MarivanNature,Unknown,"""This is so peaceful! It feels like nature is playing its own live music. I also try to capture such pure moments on my channel. Amazing work!""","['peaceful', 'feel', 'like', 'nature', 'playing', 'live', 'music', 'also', 'try', 'capture', 'pure', 'moment', 'channel', 'amazing', 'work']"
@chimbukachibangulula5635,Unknown,Animal watch is so relaxing ğŸ˜Š,"['animal', 'watch', 'relaxing']"
@Animallive93,Unknown,nice video,"['nice', 'video']"
@pecintabinatangsederhana3706,Unknown,Wawww nice,"['wawww', 'nice']"
@Shadowwild-d4w,Unknown,Nice ğŸ‘,['nice']
@shaiknahid624,Unknown,Wonderful video ğŸ‰â¤â¤â¤â¤â¤,"['wonderful', 'video']"
@lunawada-bz4fo,Unknown,Subhan allah,"['subhan', 'allah']"
@BLACK_KAKKAENTERTAINMENT,Unknown,â¤,[]
Unknown,Unknown,look at the quality this why it's bbc,"['look', 'quality', 'bbc']"
@Ashiqueog301,Unknown,"But how 
How you can shoot like this ğŸ˜®","['shoot', 'like']"
@DimebagGaurav,Unknown,We can teach cooking in jungle to bears. They are so smart. They can overtake humans i feel. ğŸ˜‚,"['teach', 'cooking', 'jungle', 'bear', 'smart', 'overtake', 'human', 'feel']"
@bimalkarki4917,Unknown,We all are guests of this planet .one day we leave all thingsğŸ˜¢,"['guest', 'planet', 'one', 'day', 'leave', 'thing']"
@NewsPost-k4i,Unknown,https://youtu.be/BVKzItZTarY?si=o-o-CE35P0kAZTRH,['httpsyoutubebvkzitztarysioocepkaztrh']
@tierischerherzschlag,Unknown,"The wild is not only beautiful but also a testament to natureâ€™s power. Hopefully, these lands will be preserved forever so future generations can continue to witness these wonders! ğŸ’šğŸ“½","['wild', 'beautiful', 'also', 'testament', 'nature', 'power', 'hopefully', 'land', 'preserved', 'forever', 'future', 'generation', 'continue', 'witness', 'wonder']"
@NatureWonders175,Unknown,It's interesting,['interesting']
@Saminulhok-61,Unknown,â¤â¤â¤,[]
@nomanahmed2338,Unknown,Nice,['nice']
@MdasiqulAlam,Unknown,P0â¤0,[]
@Hillokent2025Kent,Unknown,Beautiful,['beautiful']
@MrMab-g8k,Unknown,I enjoy watching your videos.,"['enjoy', 'watching', 'video']"
@DiscoverNatureFrancais,Unknown,"Watching a mother bear gently teaching her cub the art of survival is both captivating and profoundly touching. Each movement she makes is a lesson in resilience, a reflection of natureâ€™s timeless wisdom. Deep gratitude to the filming crew for capturing such a stunning and powerful moment.","['watching', 'mother', 'bear', 'gently', 'teaching', 'cub', 'art', 'survival', 'captivating', 'profoundly', 'touching', 'movement', 'make', 'lesson', 'resilience', 'reflection', 'nature', 'timeless', 'wisdom', 'deep', 'gratitude', 'filming', 'crew', 'capturing', 'stunning', 'powerful', 'moment']"
@extremewild9,Unknown,"The bears are so cute, I really like them","['bear', 'cute', 'really', 'like']"
@FUN-FUN-l2y,Unknown,"Nature is hard, but I think that's how it works; it knows how to balance itself, and that is the beauty of it. Love nature; love all!","['nature', 'hard', 'think', 'thats', 'work', 'know', 'balance', 'beauty', 'love', 'nature', 'love']"
@D-WildAnimals,Unknown,"Sir David Attenborough's legacy is beyond measure. His voice, wisdom, and deep love for nature will continue to inspire generations to appreciate and safeguard our planet. ğŸŒğŸ’š","['sir', 'david', 'attenboroughs', 'legacy', 'beyond', 'measure', 'voice', 'wisdom', 'deep', 'love', 'nature', 'continue', 'inspire', 'generation', 'appreciate', 'safeguard', 'planet']"
@JACK23488,Unknown,9:28 ğŸ”¥ğŸ”¥ğŸ”¥,[]
@ForestAnimalsId,Unknown,Niceeeâ¤,['niceee']
@Sprunki_cubes,Unknown,So sad ğŸ˜¢,['sad']
@ForestBoarDiaries2024,Unknown,The cinematography celebrates the wild beauty of the cheetah.,"['cinematography', 'celebrates', 'wild', 'beauty', 'cheetah']"
@ForestBoarDiaries2024,Unknown,Every shot is a vivid picture of nature.,"['every', 'shot', 'vivid', 'picture', 'nature']"
@natureanimaldocumentary2025,Unknown,This wild animal documentary truly captures the raw beauty of nature! ğŸŒâœ¨,"['wild', 'animal', 'documentary', 'truly', 'capture', 'raw', 'beauty', 'nature']"
@Fardafaghad,Unknown,Human predators wait patiently and then come after all of us (Maggots),"['human', 'predator', 'wait', 'patiently', 'come', 'maggot']"
@Fardafaghad,Unknown,Every creature on earth is food for other creatures realtyâ€™s of life at the end human becomes food for maggots,"['every', 'creature', 'earth', 'food', 'creature', 'realty', 'life', 'end', 'human', 'becomes', 'food', 'maggot']"
@solomonbeckford1885,Unknown,Pure health!,"['pure', 'health']"
@WildRoarChannel,Unknown,Video ráº¥t sáº¯c nÃ©t ğŸ˜Š,['video']
@å¿ƒã®å¼•ãå‡ºã—,Unknown,Wow Amazing good video q,"['wow', 'amazing', 'good', 'video']"
@Allanimals-l6r,Unknown,Wows ğŸ˜®,['wow']
@sara_._._,Unknown,Ø³Ø¨Ø­Ø§Ù† Ø§Ù„Ù„Ù‡,[]
@wilsonlaizer4771,Unknown,Who is in 2026,[]
@NatureandAnimalLover.N,Unknown,1k subk complete thank you all friend,"['subk', 'complete', 'thank', 'friend']"
@phb3309,Unknown,"Bravo ,trÃ¨s joli documentaire.","['bravo', 'trs', 'joli', 'documentaire']"
@animalworld51933,Unknown,"very attractive, fishing hunting is amazing.","['attractive', 'fishing', 'hunting', 'amazing']"
@amazing-z5u,Unknown,â¤,[]
@i2harry,Unknown,How did they even capture all these footage even at the leopardâ€™s view point!,"['even', 'capture', 'footage', 'even', 'leopard', 'view', 'point']"
@GdF420,Unknown,I Wouldn't have thought a hyena stronger than a leopard,"['wouldnt', 'thought', 'hyena', 'stronger', 'leopard']"
@abusalehmd.forhad8183,Unknown,How has BBC taken this rare videos?,"['bbc', 'taken', 'rare', 'video']"
@Andrymr-ky9om,Unknown,"Moments like these prove that we are just guests on this planet!""","['moment', 'like', 'prove', 'guest', 'planet']"
@fAindiGoAS,Unknown,"That's imphala escaped from those predators, really wow . Masha allah â¤ğŸ‘ŒğŸ¼ğŸ˜®ğŸ¤²ğŸ¼ğŸ¤²ğŸ¼ğŸ«¶ğŸ¼","['thats', 'imphala', 'escaped', 'predator', 'really', 'wow', 'masha', 'allah']"
@TariqAli-f9u,Unknown,â¤,[]
@lyst209,Unknown,Wow â¤,['wow']
@keithhanger6993,Unknown,"Brilliant photography but the irritating, unnecessary, incessant music drowns out the sounds of nature.  The commentary in the flamingo section was completely drowned out by the music.","['brilliant', 'photography', 'irritating', 'unnecessary', 'incessant', 'music', 'drowns', 'sound', 'nature', 'commentary', 'flamingo', 'section', 'completely', 'drowned', 'music']"
@utkarshmishra4199,Unknown,Oh wow!,['wow']
@MrTechReviews1,Unknown,"If these areas are truly untouched by humans, could they harbor previously unknown species? ğŸŒ¿ğŸ¦","['area', 'truly', 'untouched', 'human', 'could', 'harbor', 'previously', 'unknown', 'specie']"
@nachurecooking,Unknown,Wow this is incredible ğŸ˜®â¤,"['wow', 'incredible']"
@ØªÙˆÙ†Ø´Ø§Ù†Ø¹Ø²Ù…Ø¹Ø§Ù„ÛŒØ´Ø§Ù†Ø§Ù†ÙˆØ§Ø±Ø§Ø¹ÙˆØ§Ù†,Unknown,"Wawoo what a flim 
And what a presentation 
Bravo BBC WORLD","['wawoo', 'flim', 'presentation', 'bravo', 'bbc', 'world']"
@wildlifeangelshub,Unknown,nicce,['nicce']
@manchester_vevo4874,Unknown,https://youtu.be/FamWxeueEbw?si=vi0raHnPtdG4nEhM,['httpsyoutubefamwxeueebwsivirahnptdgnehm']
@jimmyjackson8058,Unknown,Nature is pure,"['nature', 'pure']"
@moustapadiop1452,Unknown,Ø§Ù„Ù„Ù‡ Ø£ÙƒØ¨Ø± â¤,[]
@finchvalor,Unknown,What if we aren't even guests? What if we're like squatters?? I'm pretty sure I wasn't on the guest list at least. Last I checked. Don't tell anyone I'm squatting though.,"['arent', 'even', 'guest', 'like', 'squatter', 'pretty', 'sure', 'wasnt', 'guest', 'list', 'least', 'last', 'checked', 'dont', 'tell', 'anyone', 'squatting', 'though']"
@ZOOMERSVIBES,Unknown,@finchvalorÂ  all the world is a stage and men and women are merely p;ayers we must return and will be questioned on day of judgment,"['finchvalor', 'world', 'stage', 'men', 'woman', 'merely', 'payer', 'must', 'return', 'questioned', 'day', 'judgment']"
@behumanf1rst,Unknown,Everything has as end.,"['everything', 'end']"
@RakkaBoutie,Unknown,Beautiful videoâ¤,"['beautiful', 'video']"
@bucketifiknow,Unknown,this is what happens when monkeys are at the controls of VAR,"['happens', 'monkey', 'control', 'var']"
@corpuschristischool9039,Unknown,Thankyou for excellent  doccumentaryğŸ˜Š,"['thankyou', 'excellent', 'doccumentary']"
@Wild-Wonder-With-Kylo,Unknown,I love animals so much! This video made my day! ğŸ§‘â€ğŸ¥°,"['love', 'animal', 'much', 'video', 'made', 'day']"
@arunbabu826,Unknown,â¤ï¸,[]
@kingofallmediums2123,Unknown,Poor Salmon ğŸ£ ğŸ˜®ğŸ˜®ğŸ˜®ğŸ˜®ğŸ˜®ğŸ˜ŠğŸ˜ŠğŸ˜ŠğŸ˜ŠğŸ˜Š,"['poor', 'salmon']"
@owengreaves9997,Unknown,That jaguar footage is not real,"['jaguar', 'footage', 'real']"
@hianxi8y,Unknown,0:07 until then I didn't realize how much fish piss & fecal matter I may be ingesting when drinking from a running creek.,"['didnt', 'realize', 'much', 'fish', 'piss', 'fecal', 'matter', 'may', 'ingesting', 'drinking', 'running', 'creek']"
@richardcunningham1648,Unknown,Great tell the idiots,"['great', 'tell', 'idiot']"
@_ronn_ie,Unknown,leopards have a speed disadvantage yet they are one of the most succesful hunters,"['leopard', 'speed', 'disadvantage', 'yet', 'one', 'succesful', 'hunter']"
@5220640,Unknown,Hyenas are master at ruined everything ğŸ¤£,"['hyena', 'master', 'ruined', 'everything']"
@mabellee424,Unknown,"All of these issues are caused by humans, with powerful authorities in certain countries ignoring global warming and allowing wars, as well as mining for gold, oil, minerals, gas, gemstones, jade, and more!","['issue', 'caused', 'human', 'powerful', 'authority', 'certain', 'country', 'ignoring', 'global', 'warming', 'allowing', 'war', 'well', 'mining', 'gold', 'oil', 'mineral', 'gas', 'gemstone', 'jade']"
@lizjohnson2377,Unknown,"Thank U.....
This was TOTALLY AWESOME ğŸ’š
I ğŸ’š WILDLIFE/ NATURE 
ğŸ’šğŸ’šğŸ’šğŸ’šğŸ’šğŸ’šğŸ’šğŸ’š","['thank', 'totally', 'awesome', 'wildlife', 'nature']"
@balavijayprakashr8947,Unknown,"Animals are so pure in nature but we as humans don't understand them...

Animals hunt for Hunger but we humans hunt for Greed...","['animal', 'pure', 'nature', 'human', 'dont', 'understand', 'animal', 'hunt', 'hunger', 'human', 'hunt', 'greed']"
@strcpy584,Unknown,We need David Attenborough ... his commentary make it way better,"['need', 'david', 'attenborough', 'commentary', 'make', 'way', 'better']"
@lionfarm-68,Unknown,Watching a mother bear patiently guide her cub on its first hunt is both mesmerizing and deeply moving. Every step she takes is a lesson in survival a testament to natureâ€™s wisdom passed down through generations. A heartfelt thank you to the filming crew for capturing such raw and breathtaking beauty,"['watching', 'mother', 'bear', 'patiently', 'guide', 'cub', 'first', 'hunt', 'mesmerizing', 'deeply', 'moving', 'every', 'step', 'take', 'lesson', 'survival', 'testament', 'nature', 'wisdom', 'passed', 'generation', 'heartfelt', 'thank', 'filming', 'crew', 'capturing', 'raw', 'breathtaking', 'beauty']"
@è´å¨œä¸½è,Unknown,"They are happy, after all, some birds are born without a good ending, only to be eaten","['happy', 'bird', 'born', 'without', 'good', 'ending', 'eaten']"
@pierre7576,Unknown,this does not sound like my boy David......,"['sound', 'like', 'boy', 'david']"
@leonardosolismunoz3535,Unknown,"Hey BBC Earth channel, upload more videos of Tigers, Elephants, and Lions, those are good and I like.","['hey', 'bbc', 'earth', 'channel', 'upload', 'video', 'tiger', 'elephant', 'lion', 'good', 'like']"
@ibrahimst2052,Unknown,"Do you really think that it's Nature wisdom, not GOD wisdom and perfect creation?","['really', 'think', 'nature', 'wisdom', 'god', 'wisdom', 'perfect', 'creation']"
@raihanfarrelofficial,Unknown,Narrated by Bellatrix Lestrange,"['narrated', 'bellatrix', 'lestrange']"
@sociallyinept1323,Unknown,"0:06 , Bro was like i should spill the GOO , before i yabadabadoooo","['bro', 'like', 'spill', 'goo', 'yabadabadoooo']"
@Alnoor_0,Unknown,â¤â¤,[]
@Umar-d6g5l,Unknown,Allah is the greatest. Muhammad S.A.W is the last ture messanger of Allah â¤â¤â¤â¤.,"['allah', 'greatest', 'muhammad', 'saw', 'last', 'ture', 'messanger', 'allah']"
@Goldboy_goy,Unknown,Its seemed like that dear was dead and being dragged by the leopard. Is this two separate occasions?,"['seemed', 'like', 'dear', 'dead', 'dragged', 'leopard', 'two', 'separate', 'occasion']"
@mahmudhussain1548,Unknown,â¤,[]
@MrKingcobra123,Unknown,"Thank you very much BBC Earth amazing Animals, Birds Great video, Stunning Camerman â¤","['thank', 'much', 'bbc', 'earth', 'amazing', 'animal', 'bird', 'great', 'video', 'stunning', 'camerman']"
@wildnaturedocumentaryus,Unknown,Wildlife documentaries like this remind us of the incredible diversity of life on Earth and why itâ€™s worth protecting.,"['wildlife', 'documentary', 'like', 'remind', 'incredible', 'diversity', 'life', 'earth', 'worth', 'protecting']"
@elwenkwalti,Unknown,Nice  video  thanks so much  â¤â¤â¤â¤â¤,"['nice', 'video', 'thanks', 'much']"
@sthannah78ify,Unknown,Thatâ€™s beautiful. God gave them that breeze to lift their bodies off that ice and start flying again beautiful,"['thats', 'beautiful', 'god', 'gave', 'breeze', 'lift', 'body', 'ice', 'start', 'flying', 'beautiful']"
@UntamedEdgeTV,Unknown,"Itâ€™s wild to think there are still untouched places on Earth where nature thrives without human interference. Some of the rarest animals on the planet live in these hidden corners, evolving in ways we can barely understand. Imagine what incredible species are still undiscovered out there! Iâ€™ve been diving into some of the most mysterious animals and ecosystems, and nature keeps surprising me. Whatâ€™s the most fascinating thing youâ€™ve ever learned about an untouched part of the world?","['wild', 'think', 'still', 'untouched', 'place', 'earth', 'nature', 'thrives', 'without', 'human', 'interference', 'rarest', 'animal', 'planet', 'live', 'hidden', 'corner', 'evolving', 'way', 'barely', 'understand', 'imagine', 'incredible', 'specie', 'still', 'undiscovered', 'ive', 'diving', 'mysterious', 'animal', 'ecosystem', 'nature', 'keep', 'surprising', 'whats', 'fascinating', 'thing', 'youve', 'ever', 'learned', 'untouched', 'part', 'world']"
@SPd.Triple,Unknown,It's a wonderful place is the starship planet earth ğŸŒ,"['wonderful', 'place', 'starship', 'planet', 'earth']"
@Jacob-uk4kl,Unknown,"Thanks for the video. I don't think its that sustainable, that its offered in as high resolution as it is","['thanks', 'video', 'dont', 'think', 'sustainable', 'offered', 'high', 'resolution']"
@AbdolKorim-b5i,Unknown,ğŸ˜…,[]
@Dimon12321,Unknown,8:21 The thumbnail moment,"['thumbnail', 'moment']"
@mrx0088,Unknown,"Amazing to think that this beautiful nature is made up of hundreds of thousands (probably more) of living beings eaten alive in the stomach every minute, non-stop.
Only a few have the privilege of being eaten once dead.","['amazing', 'think', 'beautiful', 'nature', 'made', 'hundred', 'thousand', 'probably', 'living', 'being', 'eaten', 'alive', 'stomach', 'every', 'minute', 'nonstop', 'privilege', 'eaten', 'dead']"
@gdayriz,Unknown,9:30 â€œkind hearted hyena saved an impala from predatorâ€ ğŸ˜‚,"['kind', 'hearted', 'hyena', 'saved', 'impala', 'predator']"
@wildnatureus2024,Unknown,"Pristine nature is truly beautiful and magical! ğŸŒ¿âœ¨ Stunning footage, realistic down to every detail. Thank you, BBC, for delivering such an inspiring film! ğŸ‘","['pristine', 'nature', 'truly', 'beautiful', 'magical', 'stunning', 'footage', 'realistic', 'every', 'detail', 'thank', 'bbc', 'delivering', 'inspiring', 'film']"
@eXpressYourselfClips,Unknown,"1:35

That's exactly how my brothers taught me how to swim ğŸ˜Œ","['thats', 'exactly', 'brother', 'taught', 'swim']"
@GhulamMustaffaDar,Unknown,How vast Nature is!,"['vast', 'nature']"
@FrostFall0261,Unknown,"Freezing like that is a fairly common prey response! Best case scenario, the lack of a struggle eases a predatorâ€™s instinct to hold on so tightly and grants them an opportunity like this. Worst case scenario, it eases their pain as, at the same time, their brain is usually going crazy on endorphins","['freezing', 'like', 'fairly', 'common', 'prey', 'response', 'best', 'case', 'scenario', 'lack', 'struggle', 'eas', 'predator', 'instinct', 'hold', 'tightly', 'grant', 'opportunity', 'like', 'worst', 'case', 'scenario', 'eas', 'pain', 'time', 'brain', 'usually', 'going', 'crazy', 'endorphin']"
@kavithanarayan2247,Unknown,ğŸ˜‚ğŸ˜‚ğŸ˜‚ğŸ˜‚ğŸ¤£ğŸ¤£ğŸ¤£,[]
@samdamzy,Unknown,@kavithanarayan2247Â  ğŸ¤£ğŸ¤£ğŸ¤£,['kavithanarayan']
@R3N3WINGOFTHEMIND,Unknown,iâ€™m so mad at the hyenağŸ¤£,"['mad', 'hyena']"
@GhulamMustaffaDar,Unknown,"""God made all things good;man meddles with them and they become evil.""Says Rousseau in ""Emile""","['god', 'made', 'thing', 'goodman', 'meddles', 'become', 'evilsays', 'rousseau', 'emile']"
@Djellowman,Unknown,Just get out of the water then? stupid birds :^),"['get', 'water', 'stupid', 'bird']"
@footfault1941,Unknown,"Desert ""rain"" frog! Who named it?","['desert', 'rain', 'frog', 'named']"
@footfault1941,Unknown,Gone with the wind. A nature version.,"['gone', 'wind', 'nature', 'version']"
@footfault1941,Unknown,"Underwater drone? So close to the bear's paw! A mini camera on the back of salmon, otherwise .... Unlikely.","['underwater', 'drone', 'close', 'bear', 'paw', 'mini', 'camera', 'back', 'salmon', 'otherwise', 'unlikely']"
@kristianhagerup978,Unknown,That thumbnail looks like some goofy beastars sceneğŸ˜‚,"['thumbnail', 'look', 'like', 'goofy', 'beastars', 'scene']"
@surajman6045,Unknown,Among the animal kingdom I hate hyna and baboons for no reasons,"['among', 'animal', 'kingdom', 'hate', 'hyna', 'baboon', 'reason']"
@midwestmonster9886,Unknown,The thumbnail makes them look like lovers that you've accidentally walked in on.,"['thumbnail', 'make', 'look', 'like', 'lover', 'youve', 'accidentally', 'walked']"
@naturethere68,Unknown,Do they catch fish and store food?ğŸ¤”ğŸ¤”,"['catch', 'fish', 'store', 'food']"
@BiDouXxXxxXxxxXX,Unknown,Where can I watch these documentaries and not fragments of it...,"['watch', 'documentary', 'fragment']"
@musonobari2560,Unknown,"A little Correction of the Video Title won't hurt ğŸ˜€ Make it like "". . . Where Nature is seemingly Untouched"". 'cause I bet there are microplastics floating around in those bears' blood veins.","['little', 'correction', 'video', 'title', 'wont', 'hurt', 'make', 'like', 'nature', 'seemingly', 'untouched', 'cause', 'bet', 'microplastics', 'floating', 'around', 'bear', 'blood', 'vein']"
